"ProposedWorkID","MuralName","HeroImageFormula","PublicHeroImageURL","DetailPageURL","LocalDetailFile","DetailExists","ExistingWorkIDsInPage","YearFromPage","LocationFromPage","PageTitle","IndexImageRelativePath","HeroImageInPage","HeroImagePublicURLFromPage","HeroFileExists","HasGalleryToPreserve","GalleryImageCount","GalleryImages","SourceLinkCount","HasPublishedViaFooter","RecommendedAction"
"RE-011957","Prophet Bar Mural, circa 1985","=IFERROR(IMAGE(""https://ronenglish-archive.github.io/ron-english-murals/images/murals/prophet-bar.jpg"",1),"""")","https://ronenglish-archive.github.io/ron-english-murals/images/murals/prophet-bar.jpg","https://ronenglish-archive.github.io/ron-english-murals/murals/prophet-bar.html","prophet-bar.html","Yes","","â€”","â€”","Prophet Bar","../images/murals/prophet-bar.jpg","../images/murals/prophet-barL.jpg","https://ronenglish-archive.github.io/ron-english-murals/images/murals/prophet-barL.jpg","Yes","No","0","","0","No","Convert page format"
"RE-011958","Fashion Moda, 1988","=IFERROR(IMAGE(""https://ronenglish-archive.github.io/ron-english-murals/images/murals/fashion-moda.jpg"",1),"""")","https://ronenglish-archive.github.io/ron-english-murals/images/murals/fashion-moda.jpg","https://ronenglish-archive.github.io/ron-english-murals/murals/fashion-moda-1988.html","fashion-moda-1988.html","Yes","","1988","Fashion Moda, South Bronx, New York, United States","Fashion Moda, 1988","../images/murals/fashion-moda.jpg","../images/murals/fashion-moda.jpg","https://ronenglish-archive.github.io/ron-english-murals/images/murals/fashion-moda.jpg","Yes","No","0","","5","No","Convert page format"
"RE-011959","Berlin Wall, 1989","=IFERROR(IMAGE(""https://ronenglish-archive.github.io/ron-english-murals/images/murals/berlin-wall.jpg"",1),"""")","https://ronenglish-archive.github.io/ron-english-murals/images/murals/berlin-wall.jpg","https://ronenglish-archive.github.io/ron-english-murals/murals/berlin-wall-1989.html","berlin-wall-1989.html","Yes","","1989","Berlin Wall, Checkpoint Charlie, West Berlin, West Germany","Berlin Wall, 1989","../images/murals/berlin-wall.jpg","../images/murals/berlin-wallL.jpg","https://ronenglish-archive.github.io/ron-english-murals/images/murals/berlin-wallL.jpg","Yes","Yes","7","../images/murals/Berlin-Wall-1.jpg | ../images/murals/Berlin-Wall-2.jpg | ../images/murals/Berlin-Wall-3.jpg | ../images/murals/Berlin-Wall-4.jpg | ../images/murals/Berlin-Wall-5.jpg | ../images/murals/Berlin-Wall-6.jpg | ../images/murals/Berlin-Wall-7.jpg","6","No","Convert page format; preserve gallery and sources"
"RE-011960","English-Eichman Heart, NYC, circa 1989","=IFERROR(IMAGE(""https://ronenglish-archive.github.io/ron-english-murals/images/murals/english-eichman-heart.jpg"",1),"""")","https://ronenglish-archive.github.io/ron-english-murals/images/murals/english-eichman-heart.jpg","https://ronenglish-archive.github.io/ron-english-murals/murals/english-eichman-heart.html","english-eichman-heart.html","Yes","","â€”","â€”","English Eichman Heart","../images/murals/english-eichman-heart.jpg","../images/murals/english-eichman-heartL.jpg","https://ronenglish-archive.github.io/ron-english-murals/images/murals/english-eichman-heartL.jpg","Yes","No","0","","0","No","Convert page format"
"RE-011961","Holleyman Photographic Laboratories Mural, Austin, TX, 1995","=IFERROR(IMAGE(""https://ronenglish-archive.github.io/ron-english-murals/images/murals/holleyman.jpg"",1),"""")","https://ronenglish-archive.github.io/ron-english-murals/images/murals/holleyman.jpg","https://ronenglish-archive.github.io/ron-english-murals/murals/holleyman.html","holleyman.html","Yes","","â€”","â€”","Holleyman","../images/murals/holleyman.jpg","../images/murals/holleymanL.jpg","https://ronenglish-archive.github.io/ron-english-murals/images/murals/holleymanL.jpg","Yes","No","0","","0","No","Convert page format"
"RE-011962","Jessica Rabbit's Revenge, 1995","=IFERROR(IMAGE(""https://ronenglish-archive.github.io/ron-english-murals/images/murals/jessica-rabbit.jpg"",1),"""")","https://ronenglish-archive.github.io/ron-english-murals/images/murals/jessica-rabbit.jpg","https://ronenglish-archive.github.io/ron-english-murals/murals/jessica-rabbit.html","jessica-rabbit.html","Yes","","â€”","â€”","Jessica Rabbit","../images/murals/jessica-rabbit.jpg","../images/murals/jessica-rabbitL.jpg","https://ronenglish-archive.github.io/ron-english-murals/images/murals/jessica-rabbitL.jpg","Yes","No","0","","0","No","Convert page format"
"RE-011963","West Bank, 2007","=IFERROR(IMAGE(""https://ronenglish-archive.github.io/ron-english-murals/images/murals/oppression.jpg"",1),"""")","https://ronenglish-archive.github.io/ron-english-murals/images/murals/oppression.jpg","https://ronenglish-archive.github.io/ron-english-murals/murals/west-bank-2007.html","west-bank-2007.html","Yes","","2007","Bethlehem area, Palestine â€” West Bank separation barrier","West Bank Barrier Mural, 2007","../images/murals/oppression.jpg","../images/murals/oppressionL.jpg","https://ronenglish-archive.github.io/ron-english-murals/images/murals/oppressionL.jpg","Yes","Yes","3","../images/murals/oppression-1.jpg | ../images/murals/oppression-2.jpg | ../images/murals/oppression-3.jpg","4","No","Convert page format; preserve gallery and sources"
"RE-011964","Primary Flight, 2008","=IFERROR(IMAGE(""https://ronenglish-archive.github.io/ron-english-murals/images/murals/guernica-mural.jpg"",1),"""")","https://ronenglish-archive.github.io/ron-english-murals/images/murals/guernica-mural.jpg","https://ronenglish-archive.github.io/ron-english-murals/murals/primary-flight-2008.html","primary-flight-2008.html","Yes","","2008","Wynwood, Miami, Florida, United States","Primary Flight, 2008","../images/murals/guernica-mural.jpg","../images/murals/guernica-muralL.jpg","https://ronenglish-archive.github.io/ron-english-murals/images/murals/guernica-muralL.jpg","Yes","Yes","1","../images/murals/Primary-Flight-Mural-1.jpg","4","No","Convert page format; preserve gallery and sources"
"RE-011965","Yin Yang Mural in Milan, circa 2009","=IFERROR(IMAGE(""https://ronenglish-archive.github.io/ron-english-murals/images/murals/milan-yin-yang.jpg"",1),"""")","https://ronenglish-archive.github.io/ron-english-murals/images/murals/milan-yin-yang.jpg","https://ronenglish-archive.github.io/ron-english-murals/murals/milan-yin-yang.html","milan-yin-yang.html","Yes","","â€”","Milan","Milan Yin Yang","../images/murals/milan-yin-yang.jpg","../images/murals/milan-yin-yang.jpg","https://ronenglish-archive.github.io/ron-english-murals/images/murals/milan-yin-yang.jpg","Yes","No","0","","0","No","Convert page format"
"RE-011966","Jersey City, Cole Street, 2009","=IFERROR(IMAGE(""https://ronenglish-archive.github.io/ron-english-murals/images/murals/cole-street-mural.jpg"",1),"""")","https://ronenglish-archive.github.io/ron-english-murals/images/murals/cole-street-mural.jpg","https://ronenglish-archive.github.io/ron-english-murals/murals/jersey-city-cole-street-2009.html","jersey-city-cole-street-2009.html","Yes","","2009 (March)","Hudson County Art Supply building, Cole Street / First Street, Jersey City, New Jersey, United States","Jersey City, Cole Street, 2009","../images/murals/cole-street-mural.jpg","../images/murals/cole-street-muralL.jpg","https://ronenglish-archive.github.io/ron-english-murals/images/murals/cole-street-muralL.jpg","Yes","No","0","","5","No","Convert page format"
"RE-011967","Medicine Agency, 2009","=IFERROR(IMAGE(""https://ronenglish-archive.github.io/ron-english-murals/images/murals/medicine-agency.jpg"",1),"""")","https://ronenglish-archive.github.io/ron-english-murals/images/murals/medicine-agency.jpg","https://ronenglish-archive.github.io/ron-english-murals/murals/medicine-agency-2009.html","medicine-agency-2009.html","Yes","","2009","Medicine Agency, San Francisco, California, United States","Medicine Agency, 2009","../images/murals/medicine-agency.jpg","../images/murals/medicine-agencyL.jpg","https://ronenglish-archive.github.io/ron-english-murals/images/murals/medicine-agencyL.jpg","Yes","Yes","6","../images/murals/Medicine-Agency-3.jpg | ../images/murals/Medicine-Agency-4.jpg | ../images/murals/Medicine-Agency-5.jpg | ../images/murals/Medicine-Agency-6.jpg | ../images/murals/Medicine-Agency-7.jpg | ../images/murals/Medicine-Agency-1.jpg","2","No","Convert page format; preserve gallery and sources"
"RE-011968","Absolut Elvis, Milan, 2010","=IFERROR(IMAGE(""https://ronenglish-archive.github.io/ron-english-murals/images/murals/absolut-elvis.jpg"",1),"""")","https://ronenglish-archive.github.io/ron-english-murals/images/murals/absolut-elvis.jpg","https://ronenglish-archive.github.io/ron-english-murals/murals/absolut-elvis-milan-2010.html","absolut-elvis-milan-2010.html","Yes","","2010 (Juneâ€“October)","Colonne di San Lorenzo / Basilica San Lorenzo Maggiore area, Milan, Italy","Absolut Elvis, Milan, 2010","../images/murals/absolut-elvis.jpg","../images/murals/absolut-elvish.jpg","https://ronenglish-archive.github.io/ron-english-murals/images/murals/absolut-elvish.jpg","Yes","Yes","6","../images/murals/elvis-1.jpg | ../images/murals/elvis-2.jpg | ../images/murals/elvis-3.jpg | ../images/murals/elvis-4.jpg | ../images/murals/elvis-5.jpg | ../images/murals/elvis-6.jpg","10","No","Convert page format; preserve gallery and sources"
"RE-011969","Primary Flight, 2010","=IFERROR(IMAGE(""https://ronenglish-archive.github.io/ron-english-murals/images/murals/primary-2010.jpg"",1),"""")","https://ronenglish-archive.github.io/ron-english-murals/images/murals/primary-2010.jpg","https://ronenglish-archive.github.io/ron-english-murals/murals/primary-flight-2010.html","primary-flight-2010.html","Yes","","2010","Wynwood, Miami, Florida, United States","Primary Flight, 2010","../images/murals/primary-2010.jpg","../images/murals/primary-2010L.jpg","https://ronenglish-archive.github.io/ron-english-murals/images/murals/primary-2010L.jpg","Yes","Yes","1","../images/murals/Primary-Flight-2010-3.jpg","5","No","Convert page format; preserve gallery and sources"
"RE-011970","Urban Bigfoot, 2010","=IFERROR(IMAGE(""https://ronenglish-archive.github.io/ron-english-murals/images/murals/bigfoot.jpg"",1),"""")","https://ronenglish-archive.github.io/ron-english-murals/images/murals/bigfoot.jpg","https://ronenglish-archive.github.io/ron-english-murals/murals/urban-bigfoot-2010.html","urban-bigfoot-2010.html","Yes","","2010","Los Angeles Arts District, Los Angeles, California, United States","Urban Bigfoot, 2010","../images/murals/bigfoot.jpg","../images/murals/bigfootL.jpg","https://ronenglish-archive.github.io/ron-english-murals/images/murals/bigfootL.jpg","Yes","Yes","6","../images/murals/Urban-Bigfoot-2013-1.jpg | ../images/murals/Urban-Bigfoot-2013-2.jpg | ../images/murals/Urban-Bigfoot-2013-3.jpg | ../images/murals/Urban-Bigfoot-2013-4.jpg | ../images/murals/Urban-Bigfoot-2013-5.jpg | ../images/murals/Urban-Bigfoot-2013-6.jpg","7","No","Convert page format; preserve gallery and sources"
"RE-011988","Wynwood Babyhulk, 2010","=IFERROR(IMAGE(""https://ronenglish-archive.github.io/ron-english-murals/images/murals/wynwood-babyhulk.jpg"",1),"""")","https://ronenglish-archive.github.io/ron-english-murals/images/murals/wynwood-babyhulk.jpg","https://ronenglish-archive.github.io/ron-english-murals/murals/wynwood-babyhulk-2010.html","wynwood-babyhulk-2010.html","Yes","","2010","Wynwood Walls, Miami, Florida, United States","Wynwood Baby Hulk / Temper Tot, 2010","../images/murals/wynwood-babyhulk.jpg","../images/murals/wynwood-babyhulkL.jpg","https://ronenglish-archive.github.io/ron-english-murals/images/murals/wynwood-babyhulkL.jpg","Yes","Yes","6","../images/murals/babyhulk-1.jpg | ../images/murals/babyhulk-2.jpg | ../images/murals/babyhulk-3.jpg | ../images/murals/babyhulk-4.jpg | ../images/murals/babyhulk-5.jpg | ../images/murals/babyhulk-6.jpg","5","No","Convert page format; preserve gallery and sources"
"RE-011989","Reynosa Border Wall, 2011","=IFERROR(IMAGE(""https://ronenglish-archive.github.io/ron-english-murals/images/murals/welcome-wall.jpg"",1),"""")","https://ronenglish-archive.github.io/ron-english-murals/images/murals/welcome-wall.jpg","https://ronenglish-archive.github.io/ron-english-murals/murals/reynosa-border-wall-2011.html","reynosa-border-wall-2011.html","Yes","","2011","Reynosa, Tamaulipas, Mexico â€” near the U.S.â€“Mexico border","Reynosa Border Wall, 2011","../images/murals/welcome-wall.jpg","../images/murals/welcome-wallL.jpg","https://ronenglish-archive.github.io/ron-english-murals/images/murals/welcome-wallL.jpg","Yes","No","0","","4","No","Convert page format"
"RE-011990","London Pleasure Garden, 2012","=IFERROR(IMAGE(""https://ronenglish-archive.github.io/ron-english-murals/images/murals/lpg.jpg"",1),"""")","https://ronenglish-archive.github.io/ron-english-murals/images/murals/lpg.jpg","https://ronenglish-archive.github.io/ron-english-murals/murals/lpg-2012.html","lpg-2012.html","Yes","","2012","London Pleasure Gardens, Royal Victoria Docks, London, United Kingdom","London Pleasure Gardens, 2012","../images/murals/lpg.jpg","../images/murals/lpgL.jpg","https://ronenglish-archive.github.io/ron-english-murals/images/murals/lpgL.jpg","Yes","No","0","","6","No","Convert page format"
"RE-011991","Nuart, 2012","=IFERROR(IMAGE(""https://ronenglish-archive.github.io/ron-english-murals/images/murals/nuart-mural.jpg"",1),"""")","https://ronenglish-archive.github.io/ron-english-murals/images/murals/nuart-mural.jpg","https://ronenglish-archive.github.io/ron-english-murals/murals/nuart-2012.html","nuart-2012.html","Yes","","2012","Atlantic Hotel faÃ§ade, Stavanger, Norway","Nuart, 2012","../images/murals/nuart-mural.jpg","../images/murals/nuart-1.jpg","https://ronenglish-archive.github.io/ron-english-murals/images/murals/nuart-1.jpg","Yes","Yes","6","../images/murals/nuart-2.jpg | ../images/murals/nuart-3.jpg | ../images/murals/nuart-4.jpg | ../images/murals/nuart-5.jpg | ../images/murals/nuart-6.jpg | ../images/murals/nuart-7.jpg","5","No","Convert page format; preserve gallery and sources"
"RE-011992","Temper Tot, Little Italy, 2012","=IFERROR(IMAGE(""https://ronenglish-archive.github.io/ron-english-murals/images/murals/little-italy-2012.jpg"",1),"""")","https://ronenglish-archive.github.io/ron-english-murals/images/murals/little-italy-2012.jpg","https://ronenglish-archive.github.io/ron-english-murals/murals/temper-tot-little-italy-2012.html","temper-tot-little-italy-2012.html","Yes","","2012","Mulberry Street, Little Italy, Manhattan, New York, United States","Temper Tot, Little Italy, 2012","../images/murals/little-italy-2012.jpg","../images/murals/little-italy-2012.jpg","https://ronenglish-archive.github.io/ron-english-murals/images/murals/little-italy-2012.jpg","Yes","No","0","","5","No","Convert page format"
"RE-011993","Avant-Garde Urbano, 2013","=IFERROR(IMAGE(""https://ronenglish-archive.github.io/ron-english-murals/images/murals/avant-garde.jpg"",1),"""")","https://ronenglish-archive.github.io/ron-english-murals/images/murals/avant-garde.jpg","https://ronenglish-archive.github.io/ron-english-murals/murals/avant-garde-urbano-2013.html","avant-garde-urbano-2013.html","Yes","","2013","AvilÃ©s / Asturias region, Spain","Avant-Garde Urbano, 2013","../images/murals/avant-garde.jpg","../images/murals/avant-gardeL.jpg","https://ronenglish-archive.github.io/ron-english-murals/images/murals/avant-gardeL.jpg","Yes","Yes","5","../images/murals/avant-1.jpg | ../images/murals/avant-2.jpg | ../images/murals/avant-3.jpg | ../images/murals/avant-5.jpg | ../images/murals/avant-4.jpg","3","No","Convert page format; preserve gallery and sources"
"RE-011994","Cowgirl, Roskilde, 2013","=IFERROR(IMAGE(""https://ronenglish-archive.github.io/ron-english-murals/images/murals/cowgirl-2013.jpg"",1),"""")","https://ronenglish-archive.github.io/ron-english-murals/images/murals/cowgirl-2013.jpg","https://ronenglish-archive.github.io/ron-english-murals/murals/cowgirl-roskilde-2013.html","cowgirl-roskilde-2013.html","Yes","","2013","Roskilde Festival, Dyreskuepladsen stable area, Roskilde, Denmark","Cowgirl, Roskilde, 2013","../images/murals/cowgirl-2013.jpg","../images/murals/cowgirl-2013.jpg","https://ronenglish-archive.github.io/ron-english-murals/images/murals/cowgirl-2013.jpg","Yes","No","0","","4","No","Convert page format"
"RE-011995","Mousemask and Temper, Rome, 2013","=IFERROR(IMAGE(""https://ronenglish-archive.github.io/ron-english-murals/images/murals/Mousemask-and-Temper-Mural.jpg"",1),"""")","https://ronenglish-archive.github.io/ron-english-murals/images/murals/Mousemask-and-Temper-Mural.jpg","https://ronenglish-archive.github.io/ron-english-murals/murals/mousemask-temper-rome-2013.html","mousemask-temper-rome-2013.html","Yes","","2013","Via dei Pisoni 89, Quadraro, Rome, Italy","Temper Tot & Mousemask Murphy, Rome, 2013","../images/murals/Mousemask-and-Temper-Mural.jpg","../images/murals/Mousemask-and-Temper-MuralL.jpg","https://ronenglish-archive.github.io/ron-english-murals/images/murals/Mousemask-and-Temper-MuralL.jpg","Yes","Yes","3","../images/murals/TT-Italy1.jpg | ../images/murals/TT-Italy2.jpg | ../images/murals/TT-Italy3.jpg","6","No","Convert page format; preserve gallery and sources"
"RE-011996","POW! WOW! Hawaii, 2013","=IFERROR(IMAGE(""https://ronenglish-archive.github.io/ron-english-murals/images/murals/hawaii.jpg"",1),"""")","https://ronenglish-archive.github.io/ron-english-murals/images/murals/hawaii.jpg","https://ronenglish-archive.github.io/ron-english-murals/murals/powwow-hawaii-2013.html","powwow-hawaii-2013.html","Yes","","2013","KakaÃŠÂ»ako district, Honolulu, Hawaii, United States","POW! WOW! Hawaii, 2013","../images/murals/hawaii.jpg","../images/murals/hawaii-6.jpg","https://ronenglish-archive.github.io/ron-english-murals/images/murals/hawaii-6.jpg","Yes","Yes","5","../images/murals/hawaii-1.jpg | ../images/murals/hawaii-2.jpg | ../images/murals/hawaii-3.jpg | ../images/murals/hawaii-4.jpg | ../images/murals/hawaii-5.jpg","6","No","Convert page format; preserve gallery and sources"
"RE-011997","Black Ocean Pool, 2014","=IFERROR(IMAGE(""https://ronenglish-archive.github.io/ron-english-murals/images/murals/blackocean-pool.jpg"",1),"""")","https://ronenglish-archive.github.io/ron-english-murals/images/murals/blackocean-pool.jpg","https://ronenglish-archive.github.io/ron-english-murals/murals/blackocean-pool-2014.html","blackocean-pool-2014.html","Yes","","2014","Black Ocean, Chelsea, New York, United States","Black Ocean Pool, 2014","../images/murals/blackocean-pool.jpg","../images/murals/blackocean-pool.jpg","https://ronenglish-archive.github.io/ron-english-murals/images/murals/blackocean-pool.jpg","Yes","No","0","","1","No","Convert page format"
"RE-011998","Grin Baby, Richmond, 2014","=IFERROR(IMAGE(""https://ronenglish-archive.github.io/ron-english-murals/images/murals/grin-baby.jpg"",1),"""")","https://ronenglish-archive.github.io/ron-english-murals/images/murals/grin-baby.jpg","https://ronenglish-archive.github.io/ron-english-murals/murals/grin-baby-richmond-2014.html","grin-baby-richmond-2014.html","Yes","","2014","Richmond","Grin Baby, Richmond, 2014","../images/murals/grin-baby.jpg","../images/murals/Grin-Baby.jpg","https://ronenglish-archive.github.io/ron-english-murals/images/murals/Grin-Baby.jpg","Yes","Yes","5","../images/murals/baby-2.jpg | ../images/murals/baby-3.jpg | ../images/murals/baby-4.jpg | ../images/murals/baby-5.jpg | ../images/murals/baby-6.jpg","0","No","Convert page format; preserve gallery and sources"
"RE-011999","Miami Marine Stadium, 2014","=IFERROR(IMAGE(""https://ronenglish-archive.github.io/ron-english-murals/images/murals/marine-stadium.jpg"",1),"""")","https://ronenglish-archive.github.io/ron-english-murals/images/murals/marine-stadium.jpg","https://ronenglish-archive.github.io/ron-english-murals/murals/miami-marine-stadium-2014.html","miami-marine-stadium-2014.html","Yes","","2014","Miami Marine Stadium, Miami, Florida, United States","Miami Marine Stadium, 2014","../images/murals/marine-stadium.jpg","../images/murals/marine-stadium.jpg","https://ronenglish-archive.github.io/ron-english-murals/images/murals/marine-stadium.jpg","Yes","No","0","","5","No","Convert page format"
"RE-012000","Zelephant, South Haven, 2014","=IFERROR(IMAGE(""https://ronenglish-archive.github.io/ron-english-murals/images/murals/zelephant-south-haven.jpg"",1),"""")","https://ronenglish-archive.github.io/ron-english-murals/images/murals/zelephant-south-haven.jpg","https://ronenglish-archive.github.io/ron-english-murals/murals/zelephant-south-haven-2014.html","zelephant-south-haven-2014.html","Yes","","2014","South Haven, Michigan, United States","Zelephant, South Haven, 2014","../images/murals/zelephant-south-haven.jpg","../images/murals/zelephant-1.jpg","https://ronenglish-archive.github.io/ron-english-murals/images/murals/zelephant-1.jpg","Yes","Yes","2","../images/murals/zelephant-2.jpg | ../images/murals/zelephant-3.jpg","5","No","Convert page format; preserve gallery and sources"
"RE-012001","Compound, Harlem, 2015","=IFERROR(IMAGE(""https://ronenglish-archive.github.io/ron-english-murals/images/murals/compound-harlem.jpg"",1),"""")","https://ronenglish-archive.github.io/ron-english-murals/images/murals/compound-harlem.jpg","https://ronenglish-archive.github.io/ron-english-murals/murals/compound-harlem-2015.html","compound-harlem-2015.html","Yes","","2015","The Compound, Harlem, New York, United States","Compound, Harlem, 2015","../images/murals/compound-harlem.jpg","../images/murals/compound-harlem.jpg","https://ronenglish-archive.github.io/ron-english-murals/images/murals/compound-harlem.jpg","Yes","No","0","","1","No","Convert page format"
"RE-012002","Coney Island Mural, 2015","=IFERROR(IMAGE(""https://ronenglish-archive.github.io/ron-english-murals/images/murals/coney-island-mural.jpg"",1),"""")","https://ronenglish-archive.github.io/ron-english-murals/images/murals/coney-island-mural.jpg","https://ronenglish-archive.github.io/ron-english-murals/murals/coney-island-2015.html","coney-island-2015.html","Yes","","2015","Coney Art Walls, Coney Island, Brooklyn, New York, United States","Coney Island, 2015","../images/murals/coney-island-mural.jpg","../images/murals/coney-1.jpg","https://ronenglish-archive.github.io/ron-english-murals/images/murals/coney-1.jpg","Yes","Yes","5","../images/murals/coney-2.jpg | ../images/murals/coney-3.jpg | ../images/murals/coney-4.jpg | ../images/murals/coney-5.jpg | ../images/murals/coney-6.jpg","5","No","Convert page format; preserve gallery and sources"
"RE-012003","Corey Helford, 2015","=IFERROR(IMAGE(""https://ronenglish-archive.github.io/ron-english-murals/images/murals/corey-helford-2015.jpg"",1),"""")","https://ronenglish-archive.github.io/ron-english-murals/images/murals/corey-helford-2015.jpg","https://ronenglish-archive.github.io/ron-english-murals/murals/corey-helford-2015.html","corey-helford-2015.html","Yes","","2015 (December 8)","Corey Helford Gallery, 571 S. Anderson Street, Los Angeles, California, United States","Corey Helford, 2015","../images/murals/corey-helford-2015.jpg","../images/murals/corey-helford-2015.jpg","https://ronenglish-archive.github.io/ron-english-murals/images/murals/corey-helford-2015.jpg","Yes","Yes","2","../images/murals/monarch-2.jpg | ../images/murals/monarch-3.jpg","5","No","Convert page format; preserve gallery and sources"
"RE-012004","Mindstyle, China, 2015","=IFERROR(IMAGE(""https://ronenglish-archive.github.io/ron-english-murals/images/murals/mindstyle-china.jpg"",1),"""")","https://ronenglish-archive.github.io/ron-english-murals/images/murals/mindstyle-china.jpg","https://ronenglish-archive.github.io/ron-english-murals/murals/mindstyle-china-2015.html","mindstyle-china-2015.html","Yes","","2015","MINDstyle / Pop Life Global headquarters, China","MINDstyle, China, 2015","../images/murals/mindstyle-china.jpg","../images/murals/mindstyle-china.jpg","https://ronenglish-archive.github.io/ron-english-murals/images/murals/mindstyle-china.jpg","Yes","No","0","","4","No","Convert page format"
"RE-012005","Not a Crime, 2015","=IFERROR(IMAGE(""https://ronenglish-archive.github.io/ron-english-murals/images/murals/Monkeys-Mural.jpg"",1),"""")","https://ronenglish-archive.github.io/ron-english-murals/images/murals/Monkeys-Mural.jpg","https://ronenglish-archive.github.io/ron-english-murals/murals/notacrime-2015.html","notacrime-2015.html","Yes","","2015","New York City, New York, United States","#NotACrime, 2015","../images/murals/Monkeys-Mural.jpg","../images/murals/Monkeys-Mural.jpg","https://ronenglish-archive.github.io/ron-english-murals/images/murals/Monkeys-Mural.jpg","Yes","No","0","","5","No","Convert page format"
"RE-012006","RXSM, Spiderhouse, 2015","=IFERROR(IMAGE(""https://ronenglish-archive.github.io/ron-english-murals/images/murals/RSXM.jpg"",1),"""")","https://ronenglish-archive.github.io/ron-english-murals/images/murals/RSXM.jpg","https://ronenglish-archive.github.io/ron-english-murals/murals/rxsm-spiderhouse-2015.html","rxsm-spiderhouse-2015.html","Yes","","2015","Spider House Cafe & Ballroom, Austin, Texas, United States","RXSM / Spider House Ballroom, 2015","../images/murals/RSXM.jpg","../images/murals/RSXM-1.jpg","https://ronenglish-archive.github.io/ron-english-murals/images/murals/RSXM-1.jpg","Yes","Yes","3","../images/murals/RSXM-2.jpg | ../images/murals/RSXM-3.jpg | ../images/murals/RSXM-4.jpg","5","No","Convert page format; preserve gallery and sources"
"RE-012007","Spider House Face, 2015","=IFERROR(IMAGE(""https://ronenglish-archive.github.io/ron-english-murals/images/murals/spiderhouse-face.jpg"",1),"""")","https://ronenglish-archive.github.io/ron-english-murals/images/murals/spiderhouse-face.jpg","https://ronenglish-archive.github.io/ron-english-murals/murals/spider-house-face-2015.html","spider-house-face-2015.html","Yes","","2015","Spider House, Austin, Texas, United States","Spider House Face, 2015","../images/murals/spiderhouse-face.jpg","../images/murals/spiderhouse-face.jpg","https://ronenglish-archive.github.io/ron-english-murals/images/murals/spiderhouse-face.jpg","Yes","No","0","","4","No","Convert page format"
"RE-012008","Temper Tot, Little Italy, 2015","=IFERROR(IMAGE(""https://ronenglish-archive.github.io/ron-english-murals/images/murals/little-italy-2015.jpg"",1),"""")","https://ronenglish-archive.github.io/ron-english-murals/images/murals/little-italy-2015.jpg","https://ronenglish-archive.github.io/ron-english-murals/murals/temper-tot-little-italy-2015.html","temper-tot-little-italy-2015.html","Yes","","2015","Little Italy (Mulberry Street), Manhattan, New York, United States","Temper Tot, Little Italy, 2015","../images/murals/little-italy-2015.jpg","../images/murals/little-italy-2015.jpg","https://ronenglish-archive.github.io/ron-english-murals/images/murals/little-italy-2015.jpg","Yes","Yes","1","../images/murals/Little-Italy-3.jpg","5","No","Convert page format; preserve gallery and sources"
"RE-012009","Victoria, 2015","=IFERROR(IMAGE(""https://ronenglish-archive.github.io/ron-english-murals/images/murals/victoria-2015.jpg"",1),"""")","https://ronenglish-archive.github.io/ron-english-murals/images/murals/victoria-2015.jpg","https://ronenglish-archive.github.io/ron-english-murals/murals/victoria-2015.html","victoria-2015.html","Yes","","2015 (March 18â€“22)","Downtown Victoria, Texas, United States","Victoria, 2015","../images/murals/victoria-2015.jpg","../images/murals/victoria-1.jpg","https://ronenglish-archive.github.io/ron-english-murals/images/murals/victoria-1.jpg","Yes","Yes","2","../images/murals/victoria-2.jpg | ../images/murals/victoria-3.jpg","8","No","Convert page format; preserve gallery and sources"
"RE-012010","ComplexCon, 2016","=IFERROR(IMAGE(""https://ronenglish-archive.github.io/ron-english-murals/images/murals/complexcon.jpg"",1),"""")","https://ronenglish-archive.github.io/ron-english-murals/images/murals/complexcon.jpg","https://ronenglish-archive.github.io/ron-english-murals/murals/complexcon-2016.html","complexcon-2016.html","Yes","","2016","â€”","ComplexCon, 2016","../images/murals/complexcon.jpg","../images/murals/complexcon.jpg","https://ronenglish-archive.github.io/ron-english-murals/images/murals/complexcon.jpg","Yes","No","0","","0","No","Convert page format"
"RE-012011","Dubai, 2016","=IFERROR(IMAGE(""https://ronenglish-archive.github.io/ron-english-murals/images/murals/dubai.jpg"",1),"""")","https://ronenglish-archive.github.io/ron-english-murals/images/murals/dubai.jpg","https://ronenglish-archive.github.io/ron-english-murals/murals/dubai-2016.html","dubai-2016.html","Yes","","2016 (March)","City Walk, Dubai, United Arab Emirates","Dubai, 2016","../images/murals/dubai.jpg","../images/murals/dubaiL.jpg","https://ronenglish-archive.github.io/ron-english-murals/images/murals/dubaiL.jpg","Yes","Yes","4","../images/murals/Dubai-2016-1.jpg | ../images/murals/Dubai-2016-2.jpg | ../images/murals/dubaiM1.jpg | ../images/murals/dubaiM2.jpg","7","No","Convert page format; preserve gallery and sources"
"RE-012012","Magic City, Dresden, 2016","=IFERROR(IMAGE(""https://ronenglish-archive.github.io/ron-english-murals/images/murals/dresden.jpg"",1),"""")","https://ronenglish-archive.github.io/ron-english-murals/images/murals/dresden.jpg","https://ronenglish-archive.github.io/ron-english-murals/murals/magic-city-dresden-2016.html","magic-city-dresden-2016.html","Yes","","2016","MAGIC CITY â€“ The Art of the Street, Dresden, Germany","Magic City, Dresden, 2016","../images/murals/dresden.jpg","../images/murals/dresden.jpg","https://ronenglish-archive.github.io/ron-english-murals/images/murals/dresden.jpg","Yes","Yes","1","../images/murals/Dresden2.jpg","6","No","Convert page format; preserve gallery and sources"
"RE-012013","Berlin Wassertor, 2017","=IFERROR(IMAGE(""https://ronenglish-archive.github.io/ron-english-murals/images/murals/wassertor-berlin.jpg"",1),"""")","https://ronenglish-archive.github.io/ron-english-murals/images/murals/wassertor-berlin.jpg","https://ronenglish-archive.github.io/ron-english-murals/murals/berlin-wassertor-2017.html","berlin-wassertor-2017.html","Yes","","2017 (September)","WassertorstraÃƒÅ¸e 64, Kreuzberg, Berlin, Germany","Berlin Wassertor, 2017","../images/murals/wassertor-berlin.jpg","../images/murals/wassertor-berlin.jpg","https://ronenglish-archive.github.io/ron-english-murals/images/murals/wassertor-berlin.jpg","Yes","Yes","2","../images/murals/Wassertor-Berlin-1.jpg | ../images/murals/Wassertor-Berlin-2.jpg","3","No","Convert page format; preserve gallery and sources"
"RE-012014","Decatur Elefanka, 2017","=IFERROR(IMAGE(""https://ronenglish-archive.github.io/ron-english-murals/images/murals/elefanka-decatur.jpg"",1),"""")","https://ronenglish-archive.github.io/ron-english-murals/images/murals/elefanka-decatur.jpg","https://ronenglish-archive.github.io/ron-english-murals/murals/decatur-elefanka-2017.html","decatur-elefanka-2017.html","Yes","","2017","Kenâ€™s Aquarium & Pet Supply, 730 E. Cerro Gordo Street, Decatur, Illinois, United States","Decatur Elefanka, 2017","../images/murals/elefanka-decatur.jpg","../images/murals/elefanka-decaturL.jpg","https://ronenglish-archive.github.io/ron-english-murals/images/murals/elefanka-decaturL.jpg","Yes","Yes","1","../images/murals/Decatur2.jpg","3","No","Convert page format; preserve gallery and sources"
"RE-012015","Manhattan Runners, 2017","=IFERROR(IMAGE(""https://ronenglish-archive.github.io/ron-english-murals/images/murals/manhattan-runners.jpg"",1),"""")","https://ronenglish-archive.github.io/ron-english-murals/images/murals/manhattan-runners.jpg","https://ronenglish-archive.github.io/ron-english-murals/murals/manhattan-runners-2017.html","manhattan-runners-2017.html","Yes","","2017","1st Avenue at St. Marks Place, Manhattan, New York, United States","Manhattan Runners, 2017","../images/murals/manhattan-runners.jpg","../images/murals/manhattan-runners.jpg","https://ronenglish-archive.github.io/ron-english-murals/images/murals/manhattan-runners.jpg","Yes","Yes","2","../images/murals/Runners.jpg | ../images/murals/Runners2.jpg","1","No","Convert page format; preserve gallery and sources"
"RE-012016","Mural Festival, Montreal, 2017","=IFERROR(IMAGE(""https://ronenglish-archive.github.io/ron-english-murals/images/murals/Montreal-Mona-Mural.jpg"",1),"""")","https://ronenglish-archive.github.io/ron-english-murals/images/murals/Montreal-Mona-Mural.jpg","https://ronenglish-archive.github.io/ron-english-murals/murals/mural-festival-2017-montreal.html","mural-festival-2017-montreal.html","Yes","","2017","Boulevard Saint-Laurent, MontrÃ©al, Quebec, Canada","MURAL Festival, Montreal, 2017","../images/murals/Montreal-Mona-Mural.jpg","../images/murals/Montreal-Mona-Mural.jpg","https://ronenglish-archive.github.io/ron-english-murals/images/murals/Montreal-Mona-Mural.jpg","Yes","Yes","3","../images/murals/Montreal-Mona-Mural-3.jpg | ../images/murals/Montreal-Mona-Mural-4.jpg | ../images/murals/Montreal-Mona-Mural-2.jpg","4","No","Convert page format; preserve gallery and sources"
"RE-012017","One Wall, 2017","=IFERROR(IMAGE(""https://ronenglish-archive.github.io/ron-english-murals/images/murals/one-wall.jpg"",1),"""")","https://ronenglish-archive.github.io/ron-english-murals/images/murals/one-wall.jpg","https://ronenglish-archive.github.io/ron-english-murals/murals/one-wall-2017.html","one-wall-2017.html","Yes","","2017","SchÃ¶neberg, Berlin, Germany","ONE WALL, 2017","../images/murals/one-wall.jpg","../images/murals/one-wallL.jpg","https://ronenglish-archive.github.io/ron-english-murals/images/murals/one-wallL.jpg","Yes","Yes","2","../images/murals/OneWall2.jpg | ../images/murals/OneWall3.jpg","3","No","Convert page format; preserve gallery and sources"
"RE-012018","Trumpty Dumpty, 2017","=IFERROR(IMAGE(""https://ronenglish-archive.github.io/ron-english-murals/images/murals/trumpty-dumpty.jpg"",1),"""")","https://ronenglish-archive.github.io/ron-english-murals/images/murals/trumpty-dumpty.jpg","https://ronenglish-archive.github.io/ron-english-murals/murals/trumpty-dumpty-2017.html","trumpty-dumpty-2017.html","Yes","","2017","Troutman Street, Bushwick, Brooklyn, New York, United States","Trumpty Dumpty, 2017","../images/murals/trumpty-dumpty.jpg","../images/murals/trumpty-dumpty.jpg","https://ronenglish-archive.github.io/ron-english-murals/images/murals/trumpty-dumpty.jpg","Yes","No","0","","5","No","Convert page format"
"RE-012019","Beacon PopMart, 2018","=IFERROR(IMAGE(""https://ronenglish-archive.github.io/ron-english-murals/images/murals/beacon-popmart.jpg"",1),"""")","https://ronenglish-archive.github.io/ron-english-murals/images/murals/beacon-popmart.jpg","https://ronenglish-archive.github.io/ron-english-murals/murals/beacon-popmart-2018.html","beacon-popmart-2018.html","Yes","","2018","45 Beekman Street, Beacon, New York, United States","Beacon PopMart, 2018","../images/murals/beacon-popmart.jpg","../images/murals/beacon-popmart.jpg","https://ronenglish-archive.github.io/ron-english-murals/images/murals/beacon-popmart.jpg","Yes","No","0","","3","No","Convert page format"
"RE-012020","Proam, Studio City 7th Floor, 2018","=IFERROR(IMAGE(""https://ronenglish-archive.github.io/ron-english-murals/images/murals/proam.jpg"",1),"""")","https://ronenglish-archive.github.io/ron-english-murals/images/murals/proam.jpg","https://ronenglish-archive.github.io/ron-english-murals/murals/proam-studio-city-7th-floor-2018.html","proam-studio-city-7th-floor-2018.html","Yes","","2018","ProAm Studio City building, Changping Town, Dongguan, Guangdong, China","ProAm Studio City, 7th Floor, 2018","../images/murals/proam.jpg","../images/murals/proam.jpg","https://ronenglish-archive.github.io/ron-english-murals/images/murals/proam.jpg","Yes","Yes","11","../images/murals/PROAM1.jpg | ../images/murals/PROAM2.jpg | ../images/murals/PROAM3.jpg | ../images/murals/PROAM4.jpg | ../images/murals/PROAM5.jpg | ../images/murals/PROAM6.jpg | ../images/murals/PROAM7.jpg | ../images/murals/PROAM8.jpg | ../images/murals/PROAM9.jpg | ../images/murals/PROAM10.jpg | ../images/murals/PROAM11.jpg","5","No","Convert page format; preserve gallery and sources"
"RE-012021","Wynwood, 2018","=IFERROR(IMAGE(""https://ronenglish-archive.github.io/ron-english-murals/images/murals/wynwood-walls-2018.jpg"",1),"""")","https://ronenglish-archive.github.io/ron-english-murals/images/murals/wynwood-walls-2018.jpg","https://ronenglish-archive.github.io/ron-english-murals/murals/wynwood-2018.html","wynwood-2018.html","Yes","","2018","Wynwood Walls, Miami, Florida, United States","Wynwood Walls, 2018","../images/murals/wynwood-walls-2018.jpg","../images/murals/wynwood-walls-2018L.jpg","https://ronenglish-archive.github.io/ron-english-murals/images/murals/wynwood-walls-2018L.jpg","Yes","Yes","5","../images/murals/Wyn-1.jpg | ../images/murals/Wyn-2.jpg | ../images/murals/Wyn-3.jpg | ../images/murals/Wyn-4.jpg | ../images/murals/Wyn-5.jpg","3","No","Convert page format; preserve gallery and sources"
"RE-012022","Basel, 2019","=IFERROR(IMAGE(""https://ronenglish-archive.github.io/ron-english-murals/images/murals/basel2019.jpg"",1),"""")","https://ronenglish-archive.github.io/ron-english-murals/images/murals/basel2019.jpg","https://ronenglish-archive.github.io/ron-english-murals/murals/basel-2019.html","basel-2019.html","Yes","","2019","Wynwood and Miami Design District, Miami, Florida, United States","Basel, 2019","../images/murals/basel2019.jpg","../images/murals/basel2019.jpg","https://ronenglish-archive.github.io/ron-english-murals/images/murals/basel2019.jpg","Yes","Yes","3","../images/murals/Basel2019-1.jpg | ../images/murals/Basel2019-2.jpg | ../images/murals/Basel2019-3.jpg","5","No","Convert page format; preserve gallery and sources"
"RE-012023","Elefanka, Lyon, 2019","=IFERROR(IMAGE(""https://ronenglish-archive.github.io/ron-english-murals/images/murals/lyon.jpg"",1),"""")","https://ronenglish-archive.github.io/ron-english-murals/images/murals/lyon.jpg","https://ronenglish-archive.github.io/ron-english-murals/murals/elefanka-lyon-2019.html","elefanka-lyon-2019.html","Yes","","2019 (approx.)","Lyon, France","Elefanka, Lyon, 2019","../images/murals/lyon.jpg","../images/murals/lyonL.jpg","https://ronenglish-archive.github.io/ron-english-murals/images/murals/lyonL.jpg","No","No","0","","4","No","Convert page format"
"RE-012024","Elefanka Mousezilla, 2019","=IFERROR(IMAGE(""https://ronenglish-archive.github.io/ron-english-murals/images/murals/elef.jpg"",1),"""")","https://ronenglish-archive.github.io/ron-english-murals/images/murals/elef.jpg","https://ronenglish-archive.github.io/ron-english-murals/murals/elefanka-mousezilla-2019.html","elefanka-mousezilla-2019.html","Yes","","2019","Erie Street basketball court, 266 Erie Street, Jersey City, New Jersey, United States","Elefanka and Mousezilla, 2019","../images/murals/elef.jpg","../images/murals/elef.jpg","https://ronenglish-archive.github.io/ron-english-murals/images/murals/elef.jpg","Yes","No","0","","8","No","Convert page format"
"RE-012025","K11 Musea, 2019","=IFERROR(IMAGE(""https://ronenglish-archive.github.io/ron-english-murals/images/murals/k11.jpg"",1),"""")","https://ronenglish-archive.github.io/ron-english-murals/images/murals/k11.jpg","https://ronenglish-archive.github.io/ron-english-murals/murals/k11-musea-2019.html","k11-musea-2019.html","Yes","","2019","Opera Theatre, K11 MUSEA, Hong Kong","K11 MUSEA, 2019","../images/murals/k11.jpg","../images/murals/k11.jpg","https://ronenglish-archive.github.io/ron-english-murals/images/murals/k11.jpg","Yes","Yes","1","../images/murals/K11-Mural.jpg","5","No","Convert page format; preserve gallery and sources"
"RE-012026","Miami PopMart, 2019","=IFERROR(IMAGE(""https://ronenglish-archive.github.io/ron-english-murals/images/murals/miami-popmart.jpg"",1),"""")","https://ronenglish-archive.github.io/ron-english-murals/images/murals/miami-popmart.jpg","https://ronenglish-archive.github.io/ron-english-murals/murals/miami-popmart-2019.html","miami-popmart-2019.html","Yes","","2019","Wynwood, Miami, Florida, United States","Miami PopMart, 2019","../images/murals/miami-popmart.jpg","../images/murals/miami-popmart.jpg","https://ronenglish-archive.github.io/ron-english-murals/images/murals/miami-popmart.jpg","Yes","No","0","","5","No","Convert page format"
"RE-012027","Jersey City Mural Festival, 2021","=IFERROR(IMAGE(""https://ronenglish-archive.github.io/ron-english-murals/images/murals/jersey-rooftopL.jpg"",1),"""")","https://ronenglish-archive.github.io/ron-english-murals/images/murals/jersey-rooftopL.jpg","https://ronenglish-archive.github.io/ron-english-murals/murals/jersey-city-mural-festival-2021.html","jersey-city-mural-festival-2021.html","Yes","","2021 (June 5â€“6)","Coles Street rooftop, Jersey City, New Jersey, United States","Jersey City Mural Festival, 2021","../images/murals/jersey-rooftopL.jpg","../images/murals/jersey-rooftopL.jpg","https://ronenglish-archive.github.io/ron-english-murals/images/murals/jersey-rooftopL.jpg","Yes","Yes","5","../images/murals/Jersey-Rooftop-Mural-2.jpg | ../images/murals/Jersey-Rooftop-Mural-3.jpg | ../images/murals/Jersey-Rooftop-Mural-4.jpg | ../images/murals/Jersey-Rooftop-Mural-5.jpg | ../images/murals/Jersey-Rooftop-Mural-6.jpg","8","No","Convert page format; preserve gallery and sources"
"RE-012028","Last Supper, Delusionville, 2021","=IFERROR(IMAGE(""https://ronenglish-archive.github.io/ron-english-murals/images/murals/last-supper.jpg"",1),"""")","https://ronenglish-archive.github.io/ron-english-murals/images/murals/last-supper.jpg","https://ronenglish-archive.github.io/ron-english-murals/murals/last-supper-delusionville-2021.html","last-supper-delusionville-2021.html","Yes","","2021 (December)","Wynwood, Miami, Florida, United States","Last Supper in Delusionville, 2021","../images/murals/last-supper.jpg","../images/murals/last-supperL.jpg","https://ronenglish-archive.github.io/ron-english-murals/images/murals/last-supperL.jpg","Yes","Yes","4","../images/murals/Last-Supper-1.jpg | ../images/murals/Last-Supper-2.jpg | ../images/murals/Last-Supper-3.jpg | ../images/murals/Last-Supper-5.webp","6","No","Convert page format; preserve gallery and sources"
"RE-012029","Punk Pink Skunk, 2021","=IFERROR(IMAGE(""https://ronenglish-archive.github.io/ron-english-murals/images/murals/punkpink.jpg"",1),"""")","https://ronenglish-archive.github.io/ron-english-murals/images/murals/punkpink.jpg","https://ronenglish-archive.github.io/ron-english-murals/murals/punk-pink-skunk-2021.html","punk-pink-skunk-2021.html","Yes","","2021","Coney Art Walls, Coney Island, Brooklyn, New York, United States","Punk & Pink Skunk, 2021","../images/murals/punkpink.jpg","../images/murals/punkpink.jpg","https://ronenglish-archive.github.io/ron-english-murals/images/murals/punkpink.jpg","Yes","No","0","","5","No","Convert page format"
"RE-012030","LCCC, DC, 2022","=IFERROR(IMAGE(""https://ronenglish-archive.github.io/ron-english-murals/images/murals/lccc.jpg"",1),"""")","https://ronenglish-archive.github.io/ron-english-murals/images/murals/lccc.jpg","https://ronenglish-archive.github.io/ron-english-murals/murals/lccc-dc-2022.html","lccc-dc-2022.html","Yes","","2022 (March 4)","Washington, D.C., United States","LCCC, DC, 2022","../images/murals/lccc.jpg","../images/murals/lcccL.jpg","https://ronenglish-archive.github.io/ron-english-murals/images/murals/lcccL.jpg","Yes","No","0","","7","No","Convert page format"
"RE-012031","Plessy School, New Orleans, 2022","=IFERROR(IMAGE(""https://ronenglish-archive.github.io/ron-english-murals/images/murals/nola.jpg"",1),"""")","https://ronenglish-archive.github.io/ron-english-murals/images/murals/nola.jpg","https://ronenglish-archive.github.io/ron-english-murals/murals/plessy-school-new-orleans-2022.html","plessy-school-new-orleans-2022.html","Yes","","2022 (May 27)","Plessy School, New Orleans, Louisiana, United States","Plessy School, New Orleans, 2022","../images/murals/nola.jpg","../images/murals/nolaL.jpg","https://ronenglish-archive.github.io/ron-english-murals/images/murals/nolaL.jpg","Yes","Yes","1","../images/murals/NOLA-2022-2.jpg","4","No","Convert page format; preserve gallery and sources"
"RE-012032","Texas Tantrum Trots and Pals, 2022","=IFERROR(IMAGE(""https://ronenglish-archive.github.io/ron-english-murals/images/murals/texas-tantrum.jpg"",1),"""")","https://ronenglish-archive.github.io/ron-english-murals/images/murals/texas-tantrum.jpg","https://ronenglish-archive.github.io/ron-english-murals/murals/texas-tantrum-trots-and-pals.html","texas-tantrum-trots-and-pals.html","Yes","","2022 (November)","Deep Ellum, Dallas, Texas, United States","Texas Tantrum Tots and Pals, 2022","../images/murals/texas-tantrum.jpg","../images/murals/texas-tantrumL.jpg","https://ronenglish-archive.github.io/ron-english-murals/images/murals/texas-tantrumL.jpg","Yes","No","0","","5","No","Convert page format"
"RE-012033","Grin Mural, 2024","=IFERROR(IMAGE(""https://ronenglish-archive.github.io/ron-english-murals/images/murals/grin-mural.jpg"",1),"""")","https://ronenglish-archive.github.io/ron-english-murals/images/murals/grin-mural.jpg","https://ronenglish-archive.github.io/ron-english-murals/murals/grin-mural-2024.html","grin-mural-2024.html","Yes","","2024","Greenpoint, Brooklyn, New York, United States","Grin Mural, 2024","../images/murals/grin-mural.jpg","../images/murals/grin-mural.jpg","https://ronenglish-archive.github.io/ron-english-murals/images/murals/grin-mural.jpg","Yes","No","0","","5","No","Convert page format"
"RE-012034","St. Louis Loop Mural, 2024","=IFERROR(IMAGE(""https://ronenglish-archive.github.io/ron-english-murals/images/murals/loop-festival.jpg"",1),"""")","https://ronenglish-archive.github.io/ron-english-murals/images/murals/loop-festival.jpg","https://ronenglish-archive.github.io/ron-english-murals/murals/stlouis-loop-mural-2024.html","stlouis-loop-mural-2024.html","Yes","","2024 (May 31)","Delmar Loop, St. Louis, Missouri, United States","St. Louis Loop Mural, 2024","../images/murals/loop-festival.jpg","../images/murals/loop-festival.jpg","https://ronenglish-archive.github.io/ron-english-murals/images/murals/loop-festival.jpg","Yes","No","0","","4","No","Convert page format"
